TAG,Nome do equipamento,Marca,Modelo,Tensão (V),Status atual,Data da última verificação,Rotina de Verificação,Aviso,POP,Docs
CR.001,HPLC,Agilent Technologies,1260 Infinity,220v,Operacional,3 de fevereiro de 2026,Mensal,Em Conformidade,https://drive.google.com/drive/folders/1NVvFupKrzRSPfQixvK9yPoOIxiU9aGVX,https://drive.google.com/drive/folders/1n5CuhXzK2TLDtjk4FkJVjFUVo68hm9Gn
CR.002,Cromatógrafo Gasoso ,Shimadzu,TCD Zero 2014,220v,Operacional,3 de fevereiro de 2026,Mensal,Em Conformidade,https://drive.google.com/drive/folders/1NVvFupKrzRSPfQixvK9yPoOIxiU9aGVX,https://drive.google.com/drive/folders/1n5CuhXzK2TLDtjk4FkJVjFUVo68hm9Gn
CR.003,Gerador de Nitrogênio ,Peak Scientific,Headspace 250,220v,Em Manutenção,3 de fevereiro de 2026,Trimestral,Em Conformidade,https://drive.google.com/drive/folders/1NVvFupKrzRSPfQixvK9yPoOIxiU9aGVX,https://drive.google.com/drive/folders/1n5CuhXzK2TLDtjk4FkJVjFUVo68hm9Gn
CR.004,Cromatógrafo de Íons ,Metrohm,930 Compact IC Flex,220v,Não Avaliado,3 de fevereiro de 2026,Trimestral,Em Conformidade,https://drive.google.com/drive/folders/1NVvFupKrzRSPfQixvK9yPoOIxiU9aGVX,https://drive.google.com/drive/folders/1n5CuhXzK2TLDtjk4FkJVjFUVo68hm9Gn
SQ.001,Forno Mufla ,Solidsteel,SSFMr,220v,Operacional,3 de fevereiro de 2026,Trimestral,Em Conformidade,https://drive.google.com/drive/folders/12-9TPBQsijxneA65lMRvtKX3r__Ow0NY,https://drive.google.com/drive/folders/1gXH7_87-pR2hHLqIJBABWfLbjXVfF91c
SQ.002,Estufa ,Lucadema,Luca-82/42,220v,Operacional,3 de fevereiro de 2026,Trimestral,Em Conformidade,https://drive.google.com/drive/folders/12-9TPBQsijxneA65lMRvtKX3r__Ow0NY,https://drive.google.com/drive/folders/1gXH7_87-pR2hHLqIJBABWfLbjXVfF91c
SQ.003,Incubadora Shaker 1,Lucadema,Luca 222,220v,Operacional,3 de fevereiro de 2026,Trimestral,Em Conformidade,https://drive.google.com/drive/folders/12-9TPBQsijxneA65lMRvtKX3r__Ow0NY,https://drive.google.com/drive/folders/1gXH7_87-pR2hHLqIJBABWfLbjXVfF91c
SQ.004,Autoclave,Digitale,AV 30,220v,Não Avaliado,3 de fevereiro de 2026,Trimestral,Em Conformidade,https://drive.google.com/drive/folders/12-9TPBQsijxneA65lMRvtKX3r__Ow0NY,https://drive.google.com/drive/folders/1gXH7_87-pR2hHLqIJBABWfLbjXVfF91c
SQ.005,Forno Elétrico Luxo ,Layr,Inox Advanced 2.4,110v,Não Avaliado,3 de fevereiro de 2026,Trimestral,Em Conformidade,https://drive.google.com/drive/folders/12-9TPBQsijxneA65lMRvtKX3r__Ow0NY,https://drive.google.com/drive/folders/1gXH7_87-pR2hHLqIJBABWfLbjXVfF91c
SQ.006,Autoclave ,Digitale,AV 30,220v,Não Avaliado,3 de fevereiro de 2026,Trimestral,Em Conformidade,https://drive.google.com/drive/folders/12-9TPBQsijxneA65lMRvtKX3r__Ow0NY,https://drive.google.com/drive/folders/1gXH7_87-pR2hHLqIJBABWfLbjXVfF91c
SQ.007,Estufa à vácuo 21L ,Solab,SL-104/21R,220v,Operacional,3 de fevereiro de 2026,Trimestral,Em Conformidade,https://drive.google.com/drive/folders/12-9TPBQsijxneA65lMRvtKX3r__Ow0NY,https://drive.google.com/drive/folders/1gXH7_87-pR2hHLqIJBABWfLbjXVfF91c
SQ.008,Bomba de vácuo ,Tecnal,TE 0581,220v,Operacional,3 de fevereiro de 2026,Trimestral,Em Conformidade,https://drive.google.com/drive/folders/12-9TPBQsijxneA65lMRvtKX3r__Ow0NY,https://drive.google.com/drive/folders/1gXH7_87-pR2hHLqIJBABWfLbjXVfF91c
SQ.009,Estufa à vácuo 21L,Solab,SL-104/21R,220v,Operacional,3 de fevereiro de 2026,Trimestral,Em Conformidade,https://drive.google.com/drive/folders/12-9TPBQsijxneA65lMRvtKX3r__Ow0NY,https://drive.google.com/drive/folders/1gXH7_87-pR2hHLqIJBABWfLbjXVfF91c
SB.001,Balança Analítica ,Bel Engineering,M214A,220v,Operacional,3 de fevereiro de 2026,Trimestral,Em Conformidade,https://drive.google.com/drive/folders/1ceDAKUVOoNvxWuDxPb1EgmXbgsQqgUzZ,https://drive.google.com/drive/folders/1exioiu84ztgHgNgn40SFgFGDNCsTnokU
SB.002,Balança Analítica ,Bel Engineering,M5202,110v/220v,Operacional,3 de fevereiro de 2026,Trimestral,Em Conformidade,https://drive.google.com/drive/folders/1ceDAKUVOoNvxWuDxPb1EgmXbgsQqgUzZ,https://drive.google.com/drive/folders/1exioiu84ztgHgNgn40SFgFGDNCsTnokU
SB.003,Balança Analítica ,Shimadzu,AUX220,220v,Operacional,3 de fevereiro de 2026,Trimestral,Em Conformidade,https://drive.google.com/drive/folders/1ceDAKUVOoNvxWuDxPb1EgmXbgsQqgUzZ,https://drive.google.com/drive/folders/1exioiu84ztgHgNgn40SFgFGDNCsTnokU
SB.004,Balança Analítica ,Bel Engineering,M5202,110v/220v,Operacional,3 de fevereiro de 2026,Trimestral,Em Conformidade,https://drive.google.com/drive/folders/1ceDAKUVOoNvxWuDxPb1EgmXbgsQqgUzZ,https://drive.google.com/drive/folders/1exioiu84ztgHgNgn40SFgFGDNCsTnokU
SB.005,Espectrofotômetro ,Thermo Scientific™,Uv-Vis Multiskan™ GO,110v/220v,Operacional,3 de fevereiro de 2026,Mensal,Em Conformidade,https://drive.google.com/drive/folders/1ceDAKUVOoNvxWuDxPb1EgmXbgsQqgUzZ,https://drive.google.com/drive/folders/1exioiu84ztgHgNgn40SFgFGDNCsTnokU
SB.006,Coulômetro ,Metrohm,Karl Fischer 831,110v/220v,Interditado,3 de fevereiro de 2026,Semestral,Em Conformidade,https://drive.google.com/drive/folders/1ceDAKUVOoNvxWuDxPb1EgmXbgsQqgUzZ,https://drive.google.com/drive/folders/1exioiu84ztgHgNgn40SFgFGDNCsTnokU
SB.007,Bomba de Vácuo ,Tecnal,TE-0581,220v,Operacional,3 de fevereiro de 2026,Trimestral,Em Conformidade,https://drive.google.com/drive/folders/1ceDAKUVOoNvxWuDxPb1EgmXbgsQqgUzZ,https://drive.google.com/drive/folders/1exioiu84ztgHgNgn40SFgFGDNCsTnokU
SB.008,Espectrômetro FT-IR,PerkinElmer,Spectrum Two,220v,Operacional,3 de fevereiro de 2026,Mensal,Em Conformidade,https://drive.google.com/drive/folders/1ceDAKUVOoNvxWuDxPb1EgmXbgsQqgUzZ,https://drive.google.com/drive/folders/1exioiu84ztgHgNgn40SFgFGDNCsTnokU
RT.001,Centrifuga Oil Test ,Tecnopon,NT870,220v,Operacional,3 de fevereiro de 2026,,Em Conformidade,https://drive.google.com/drive/folders/1GpTbu6rwh0Ests2AAD4CsieJ8okD_2dz,https://drive.google.com/drive/folders/16G7sWdvVScIoSn24Oq4vHeBg2Z_Tz31_
RT.002,Tensiômetro ,Lauda,TD1C,220v,Não Avaliado,3 de fevereiro de 2026,,Em Conformidade,https://drive.google.com/drive/folders/1GpTbu6rwh0Ests2AAD4CsieJ8okD_2dz,https://drive.google.com/drive/folders/16G7sWdvVScIoSn24Oq4vHeBg2Z_Tz31_
RT.003,Reômetro ,Tecnal,RM300,220v,Operacional,3 de fevereiro de 2026,Trimestral,Em Conformidade,https://drive.google.com/drive/folders/1GpTbu6rwh0Ests2AAD4CsieJ8okD_2dz,https://drive.google.com/drive/folders/16G7sWdvVScIoSn24Oq4vHeBg2Z_Tz31_
RT.004,Banho Termostatizado,Shimadzu,TE-2005,220v,Operacional,3 de fevereiro de 2026,Semestral,Em Conformidade,https://drive.google.com/drive/folders/1GpTbu6rwh0Ests2AAD4CsieJ8okD_2dz,https://drive.google.com/drive/folders/16G7sWdvVScIoSn24Oq4vHeBg2Z_Tz31_
MB.001,Fluxo Laminar,BSTEC,,110v/220v,Interditado,2 de fevereiro de 2026,Semestral,Pendente de Manutenção,https://drive.google.com/drive/folders/1flj7vgKycqCpCU6fv2kPaB9_yreStfOo,https://drive.google.com/drive/folders/1Kd7voarxR9TDrupFgGX6LX40ukkgw759
MB.002,Mod. Biorreator (Controlador),Tecnal,TEC-BIO-C,220v,Não Avaliado,2 de fevereiro de 2026,Semestral,Em Conformidade,https://drive.google.com/drive/folders/1flj7vgKycqCpCU6fv2kPaB9_yreStfOo,https://drive.google.com/drive/folders/1Kd7voarxR9TDrupFgGX6LX40ukkgw760
MB.003,Biorreator ,Tecnal,"TEC-BIO-VI 7,5L",220v,Operacional,2 de fevereiro de 2026,Trimestral,Em Conformidade,https://drive.google.com/drive/folders/1flj7vgKycqCpCU6fv2kPaB9_yreStfOo,https://drive.google.com/drive/folders/1Kd7voarxR9TDrupFgGX6LX40ukkgw761
MB.004,Mod. Bombas ,Tecnal,TEC-BIO-B,220v,Não Avaliado,2 de fevereiro de 2026,,Pendente de Manutenção,https://drive.google.com/drive/folders/1flj7vgKycqCpCU6fv2kPaB9_yreStfOo,https://drive.google.com/drive/folders/1Kd7voarxR9TDrupFgGX6LX40ukkgw762
MB.005,Termostatizador ,Tecnal,TEC-BIO-T,220v,Operacional,2 de fevereiro de 2026,Trimestral,Em Conformidade,https://drive.google.com/drive/folders/1flj7vgKycqCpCU6fv2kPaB9_yreStfOo,https://drive.google.com/drive/folders/1Kd7voarxR9TDrupFgGX6LX40ukkgw763
MB.006,Termostatizador ,Tecnal,TEC-BIO-T,220v,Interditado,2 de fevereiro de 2026,Semestral,Em Conformidade,https://drive.google.com/drive/folders/1flj7vgKycqCpCU6fv2kPaB9_yreStfOo,https://drive.google.com/drive/folders/1Kd7voarxR9TDrupFgGX6LX40ukkgw764
MB.007,Mod. Biorreator (controlador),Tecnal,TEC-BIO-FLEX,220v,Não Avaliado,2 de fevereiro de 2026,Trimestral,Pendente de Manutenção,https://drive.google.com/drive/folders/1flj7vgKycqCpCU6fv2kPaB9_yreStfOo,https://drive.google.com/drive/folders/1Kd7voarxR9TDrupFgGX6LX40ukkgw765
MB.008,Biorreator ,Tecnal,TEC-BIO-25L,220v,Não Avaliado,2 de fevereiro de 2026,Semestral,Em Conformidade,https://drive.google.com/drive/folders/1flj7vgKycqCpCU6fv2kPaB9_yreStfOo,https://drive.google.com/drive/folders/1Kd7voarxR9TDrupFgGX6LX40ukkgw766
MB.009,Termostatizador ,Tecnal,TEC-BIO-T,220v,Interditado,2 de fevereiro de 2026,Semestral,Pendente de Manutenção,https://drive.google.com/drive/folders/1flj7vgKycqCpCU6fv2kPaB9_yreStfOo,https://drive.google.com/drive/folders/1Kd7voarxR9TDrupFgGX6LX40ukkgw767
MB.010,Mod. Biorreator (Aeração),Tecnal,TEC-BIO-VP/BIO-TEC-FC,220v,Não Avaliado,2 de fevereiro de 2026,Semestral,Pendente de Manutenção,https://drive.google.com/drive/folders/1flj7vgKycqCpCU6fv2kPaB9_yreStfOo,https://drive.google.com/drive/folders/1Kd7voarxR9TDrupFgGX6LX40ukkgw768
MB.011,Mod. Biorreator (Controlador),Tecnal,TEC-BIO-LIGHT,220v,Operacional,2 de fevereiro de 2026,Semestral,Em Conformidade,https://drive.google.com/drive/folders/1flj7vgKycqCpCU6fv2kPaB9_yreStfOo,https://drive.google.com/drive/folders/1Kd7voarxR9TDrupFgGX6LX40ukkgw769
MB.012,Mod. Bombas ,Tecnal,TEC-BIO-B,220v,Não Avaliado,2 de fevereiro de 2026,Semestral,Em Conformidade,https://drive.google.com/drive/folders/1flj7vgKycqCpCU6fv2kPaB9_yreStfOo,https://drive.google.com/drive/folders/1Kd7voarxR9TDrupFgGX6LX40ukkgw770
MB.013, Transiluminador ,Loccus,LTB 20x20 STI,indef,Não Avaliado,2 de fevereiro de 2026,Semestral,Pendente de Manutenção,https://drive.google.com/drive/folders/1flj7vgKycqCpCU6fv2kPaB9_yreStfOo,https://drive.google.com/drive/folders/1Kd7voarxR9TDrupFgGX6LX40ukkgw771
MB.014,Sistema de Eletroforese ,CBS Scientific,DGGE,220v,Não Avaliado,2 de fevereiro de 2026,Semestral,Pendente de Manutenção,https://drive.google.com/drive/folders/1flj7vgKycqCpCU6fv2kPaB9_yreStfOo,https://drive.google.com/drive/folders/1Kd7voarxR9TDrupFgGX6LX40ukkgw772
MB.015,Fonte de Luz Fria ,Nova Optical,FA150,220v,Não Avaliado,2 de fevereiro de 2026,Semestral,Pendente de Manutenção,https://drive.google.com/drive/folders/1flj7vgKycqCpCU6fv2kPaB9_yreStfOo,https://drive.google.com/drive/folders/1Kd7voarxR9TDrupFgGX6LX40ukkgw773
MB.016,Termociclador PCR ,Thermo Fisher,Veriti 96,110v/220v,Não Avaliado,2 de fevereiro de 2026,Semestral,Pendente de Manutenção,https://drive.google.com/drive/folders/1flj7vgKycqCpCU6fv2kPaB9_yreStfOo,https://drive.google.com/drive/folders/1Kd7voarxR9TDrupFgGX6LX40ukkgw774
MB.017,Microscópio Trinocular ,Nova Optical,180iTF,indef,Não Avaliado,2 de fevereiro de 2026,Semestral,Em Conformidade,https://drive.google.com/drive/folders/1flj7vgKycqCpCU6fv2kPaB9_yreStfOo,https://drive.google.com/drive/folders/1Kd7voarxR9TDrupFgGX6LX40ukkgw775
MB.018,Agitador Orbital,Biofoco,,220v,Interditado,2 de fevereiro de 2026,Semestral,Pendente de Manutenção,https://drive.google.com/drive/folders/1flj7vgKycqCpCU6fv2kPaB9_yreStfOo,https://drive.google.com/drive/folders/1Kd7voarxR9TDrupFgGX6LX40ukkgw776
MB.019,Ultrafreezer 374L,INDREL,IULT,220v,Operacional,2 de fevereiro de 2026,Mensal,Em Conformidade,https://drive.google.com/drive/folders/1flj7vgKycqCpCU6fv2kPaB9_yreStfOo,https://drive.google.com/drive/folders/1Kd7voarxR9TDrupFgGX6LX40ukkgw777
MB.020,Geladeira BOD ,Lucadema,Luca-161/01,indef,Operacional,2 de fevereiro de 2026,Mensal,Em Conformidade,https://drive.google.com/drive/folders/1flj7vgKycqCpCU6fv2kPaB9_yreStfOo,https://drive.google.com/drive/folders/1Kd7voarxR9TDrupFgGX6LX40ukkgw778
MB.021,Capela de Exaustão,Lucadema,,110v,Operacional,2 de fevereiro de 2026,Mensal,Em Conformidade,https://drive.google.com/drive/folders/1flj7vgKycqCpCU6fv2kPaB9_yreStfOo,https://drive.google.com/drive/folders/1Kd7voarxR9TDrupFgGX6LX40ukkgw779
MB.022,Capela de Exaustão,Lucadema,,110v,Interditado,2 de fevereiro de 2026,Mensal,Em Conformidade,https://drive.google.com/drive/folders/1flj7vgKycqCpCU6fv2kPaB9_yreStfOo,https://drive.google.com/drive/folders/1Kd7voarxR9TDrupFgGX6LX40ukkgw780
MB.023,Vortex Mixer,Kosvi Basic,,220v,Operacional,2 de fevereiro de 2026,Mensal,Em Conformidade,https://drive.google.com/drive/folders/1flj7vgKycqCpCU6fv2kPaB9_yreStfOo,https://drive.google.com/drive/folders/1Kd7voarxR9TDrupFgGX6LX40ukkgw781
FQ.001,Sistema de Filtração Manifold,Quimis Aparelhos Cient.,,indef,Operacional,3 de fevereiro de 2026,Semestral,Em Conformidade,https://drive.google.com/drive/folders/1SAnkY7v68dWaFit0O0OwqlQQLNw4IvJW,https://drive.google.com/drive/folders/1DosbL0gOJA5nZTl9j9NbBfgfl87cbtKM
FQ.002,Destilador,Tecnal,T2765,220v,Não Avaliado,3 de fevereiro de 2026,Trimestral,Em Conformidade,https://drive.google.com/drive/folders/1SAnkY7v68dWaFit0O0OwqlQQLNw4IvJW,https://drive.google.com/drive/folders/1DosbL0gOJA5nZTl9j9NbBfgfl87cbtKM
FQ.003,Evaporador Rotativo ,Solab,SL-126,220v,Defeituoso,3 de fevereiro de 2026,Trimestral,Pendente de Manutenção,https://drive.google.com/drive/folders/1SAnkY7v68dWaFit0O0OwqlQQLNw4IvJW,https://drive.google.com/drive/folders/1DosbL0gOJA5nZTl9j9NbBfgfl87cbtKM
FQ.004,Banho Ultratermostatico ,Solab,SL-152,220v,Não Avaliado,2 de fevereiro de 2026,Trimestral,Em Conformidade,https://drive.google.com/drive/folders/1SAnkY7v68dWaFit0O0OwqlQQLNw4IvJW,https://drive.google.com/drive/folders/1DosbL0gOJA5nZTl9j9NbBfgfl87cbtKM
FQ.005,Bateria de Extração Soxhlet ,Lucadema,Luca 201/6,220v,Não Avaliado,3 de fevereiro de 2026,Trimestral,Em Conformidade,https://drive.google.com/drive/folders/1SAnkY7v68dWaFit0O0OwqlQQLNw4IvJW,https://drive.google.com/drive/folders/1DosbL0gOJA5nZTl9j9NbBfgfl87cbtKM
FQ.006,Destilador de Nitrogênio ,Solab,SL-74,110v,Não Avaliado,3 de fevereiro de 2026,Semestral,Em Conformidade,https://drive.google.com/drive/folders/1SAnkY7v68dWaFit0O0OwqlQQLNw4IvJW,https://drive.google.com/drive/folders/1DosbL0gOJA5nZTl9j9NbBfgfl87cbtKM
FQ.007,Banho Ultratermostatico ,Solab,SL-152,220v,Defeituoso,3 de fevereiro de 2026,Trimestral,Pendente de Manutenção,https://drive.google.com/drive/folders/1SAnkY7v68dWaFit0O0OwqlQQLNw4IvJW,https://drive.google.com/drive/folders/1DosbL0gOJA5nZTl9j9NbBfgfl87cbtKM
FQ.008,Sist. Osmose Reversa,Aquapro,,220v,Operacional,3 de fevereiro de 2026,Semestral,Em Conformidade,https://drive.google.com/drive/folders/1SAnkY7v68dWaFit0O0OwqlQQLNw4IvJW,https://drive.google.com/drive/folders/1DosbL0gOJA5nZTl9j9NbBfgfl87cbtKM
FQ.009,Bidestilador ,Solab,SL-71/5-2,220v,Interditado,3 de fevereiro de 2026,Trimestral,Pendente de Manutenção,https://drive.google.com/drive/folders/1SAnkY7v68dWaFit0O0OwqlQQLNw4IvJW,https://drive.google.com/drive/folders/1DosbL0gOJA5nZTl9j9NbBfgfl87cbtKM
FQ.010,Emulsificador ,MHTOLI,060M008/061,220v,Não Avaliado,3 de fevereiro de 2026,Semestral,Pendente de Manutenção,https://drive.google.com/drive/folders/1SAnkY7v68dWaFit0O0OwqlQQLNw4IvJW,https://drive.google.com/drive/folders/1DosbL0gOJA5nZTl9j9NbBfgfl87cbtKM
FQ.011,Moinho de Bancada Multiuso ,Solab,SL-35,220v,Não Avaliado,3 de fevereiro de 2026,Semestral,Pendente de Manutenção,https://drive.google.com/drive/folders/1SAnkY7v68dWaFit0O0OwqlQQLNw4IvJW,https://drive.google.com/drive/folders/1DosbL0gOJA5nZTl9j9NbBfgfl87cbtKM
FQ.012,Banho Ultrassônico ,Unique,USC-1450A,110v/220v,Operacional,3 de fevereiro de 2026,Trimestral,Em Conformidade,https://drive.google.com/drive/folders/1SAnkY7v68dWaFit0O0OwqlQQLNw4IvJW,https://drive.google.com/drive/folders/1DosbL0gOJA5nZTl9j9NbBfgfl87cbtKM
FQ.013,Peneirador Umido,Eijkelkamp,,110v/220v,Não Avaliado,3 de fevereiro de 2026,Semestral,Pendente de Manutenção,https://drive.google.com/drive/folders/1SAnkY7v68dWaFit0O0OwqlQQLNw4IvJW,https://drive.google.com/drive/folders/1DosbL0gOJA5nZTl9j9NbBfgfl87cbtKM
FQ.014,Centrifuga de Bancada ,Spinlab,SL18MC,220v,Operacional,3 de fevereiro de 2026,Trimestral,Em Conformidade,https://drive.google.com/drive/folders/1SAnkY7v68dWaFit0O0OwqlQQLNw4IvJW,https://drive.google.com/drive/folders/1DosbL0gOJA5nZTl9j9NbBfgfl87cbtKM
FQ.015,Centrífuga Digital ,Ionlab,N/520189260,110v,Não Avaliado,3 de fevereiro de 2026,Trimestral,Pendente de Manutenção,https://drive.google.com/drive/folders/1SAnkY7v68dWaFit0O0OwqlQQLNw4IvJW,https://drive.google.com/drive/folders/1DosbL0gOJA5nZTl9j9NbBfgfl87cbtKM
FQ.016,Centrífuga ,Solab,SL-702,110v,Defeituoso,3 de fevereiro de 2026,Trimestral,Pendente de Manutenção,https://drive.google.com/drive/folders/1SAnkY7v68dWaFit0O0OwqlQQLNw4IvJW,https://drive.google.com/drive/folders/1DosbL0gOJA5nZTl9j9NbBfgfl87cbtKM
FQ.016,Centrífuga ,Solab,SL-702,110v,Defeituoso,3 de fevereiro de 2026,Trimestral,Pendente de Manutenção,https://drive.google.com/drive/folders/1SAnkY7v68dWaFit0O0OwqlQQLNw4IvJW,https://drive.google.com/drive/folders/1DosbL0gOJA5nZTl9j9NbBfgfl87cbtKM
FQ.017,Agitador Magnético ,Solab,SL-92,220v,Operacional,3 de fevereiro de 2026,Trimestral,Em Conformidade,https://drive.google.com/drive/folders/1SAnkY7v68dWaFit0O0OwqlQQLNw4IvJW,https://drive.google.com/drive/folders/1DosbL0gOJA5nZTl9j9NbBfgfl87cbtKM
FQ.018,Chapa Aquecedora ,Solab,SL-140,220v,Operacional,3 de fevereiro de 2026,Trimestral,Em Conformidade,https://drive.google.com/drive/folders/1SAnkY7v68dWaFit0O0OwqlQQLNw4IvJW,https://drive.google.com/drive/folders/1DosbL0gOJA5nZTl9j9NbBfgfl87cbtKM
FQ.019,Fonte de Alimentação ,Instrumether,FA3050,110v/220v,Operacional,3 de fevereiro de 2026,Trimestral,Em Conformidade,https://drive.google.com/drive/folders/1SAnkY7v68dWaFit0O0OwqlQQLNw4IvJW,https://drive.google.com/drive/folders/1DosbL0gOJA5nZTl9j9NbBfgfl87cbtKM
FQ.020,Condutivímetro ,Tecnopon,mCA-150 MS,110v,Não Avaliado,3 de fevereiro de 2026,Trimestral,Em Conformidade,https://drive.google.com/drive/folders/1SAnkY7v68dWaFit0O0OwqlQQLNw4IvJW,https://drive.google.com/drive/folders/1DosbL0gOJA5nZTl9j9NbBfgfl87cbtKM
FQ.021,Condutivímetro ,Tecnopon,mCA-150 MS,110v,Não Avaliado,3 de fevereiro de 2026,Trimestral,Em Conformidade,https://drive.google.com/drive/folders/1SAnkY7v68dWaFit0O0OwqlQQLNw4IvJW,https://drive.google.com/drive/folders/1DosbL0gOJA5nZTl9j9NbBfgfl87cbtKM
FQ.022,Phmetro,Tecnopon,,110v,Defeituoso,3 de fevereiro de 2026,Mensal,Em Conformidade,https://drive.google.com/drive/folders/1SAnkY7v68dWaFit0O0OwqlQQLNw4IvJW,https://drive.google.com/drive/folders/1DosbL0gOJA5nZTl9j9NbBfgfl87cbtKM
FQ.023,Capela Exaustora,Lucadema,,110v,Operacional,3 de fevereiro de 2026,Trimestral,Em Conformidade,https://drive.google.com/drive/folders/1SAnkY7v68dWaFit0O0OwqlQQLNw4IvJW,https://drive.google.com/drive/folders/1DosbL0gOJA5nZTl9j9NbBfgfl87cbtKM
FQ.024,Capela Exaustora,Lucadema,,110v,Operacional,3 de fevereiro de 2026,Trimestral,Em Conformidade,https://drive.google.com/drive/folders/1SAnkY7v68dWaFit0O0OwqlQQLNw4IvJW,https://drive.google.com/drive/folders/1DosbL0gOJA5nZTl9j9NbBfgfl87cbtKM
FQ.025,Bloco Digestor ,Solab,SL-25/42,220v,Não Avaliado,3 de fevereiro de 2026,Semestral,Em Conformidade,https://drive.google.com/drive/folders/1SAnkY7v68dWaFit0O0OwqlQQLNw4IvJW,https://drive.google.com/drive/folders/1DosbL0gOJA5nZTl9j9NbBfgfl87cbtKM
FQ.026,Turbidímetro Digital ,AKSO,TU430,indef,Não Avaliado,13 de novembro de 2024,Semestral,Pendente de Manutenção,https://drive.google.com/drive/folders/1SAnkY7v68dWaFit0O0OwqlQQLNw4IvJW,https://drive.google.com/drive/folders/1DosbL0gOJA5nZTl9j9NbBfgfl87cbtKM
FQ.027,Bureta Digital Digitrate Pro,JENCONS,,indef,Não Avaliado,3 de fevereiro de 2026,,Indefinido,https://drive.google.com/drive/folders/1SAnkY7v68dWaFit0O0OwqlQQLNw4IvJW,https://drive.google.com/drive/folders/1DosbL0gOJA5nZTl9j9NbBfgfl87cbtKM
FQ.028,Chapa Aquecedora ,Lucadema,43/01P,220v,Não Avaliado,3 de fevereiro de 2026,,Indefinido,https://drive.google.com/drive/folders/1SAnkY7v68dWaFit0O0OwqlQQLNw4IvJW,https://drive.google.com/drive/folders/1DosbL0gOJA5nZTl9j9NbBfgfl87cbtKM
FQ.029,Agitador Magnético ,Solab,SL-90/D,indef,Não Avaliado,3 de fevereiro de 2026,,Indefinido,https://drive.google.com/drive/folders/1SAnkY7v68dWaFit0O0OwqlQQLNw4IvJW,https://drive.google.com/drive/folders/1DosbL0gOJA5nZTl9j9NbBfgfl87cbtKM
FQ.030,Agitador Magnético,Lucadema,01/09,220v,Não Avaliado,3 de fevereiro de 2026,Mensal,Em Conformidade,https://drive.google.com/drive/folders/1SAnkY7v68dWaFit0O0OwqlQQLNw4IvJW,https://drive.google.com/drive/folders/1DosbL0gOJA5nZTl9j9NbBfgfl87cbtKM
FQ.031,Agitador Magnético,Lucadema,01/09,220v,Não Avaliado,3 de fevereiro de 2026,,Indefinido,https://drive.google.com/drive/folders/1SAnkY7v68dWaFit0O0OwqlQQLNw4IvJW,https://drive.google.com/drive/folders/1DosbL0gOJA5nZTl9j9NbBfgfl87cbtKM
FQ.032,Agitador Magnético,Lucadema,01/09,220v,Operacional,3 de fevereiro de 2026,,Indefinido,https://drive.google.com/drive/folders/1SAnkY7v68dWaFit0O0OwqlQQLNw4IvJW,https://drive.google.com/drive/folders/1DosbL0gOJA5nZTl9j9NbBfgfl87cbtKM
FQ.033,Manta de Aquecimento ,Solab,SL-123/250,220v,Operacional,3 de fevereiro de 2026,Semestral,Em Conformidade,https://drive.google.com/drive/folders/1SAnkY7v68dWaFit0O0OwqlQQLNw4IvJW,https://drive.google.com/drive/folders/1DosbL0gOJA5nZTl9j9NbBfgfl87cbtKM
FQ.034,Manta de Aquecimento ,Solab,SL-123/250,220v,Operacional,3 de fevereiro de 2026,Semestral,Em Conformidade,https://drive.google.com/drive/folders/1SAnkY7v68dWaFit0O0OwqlQQLNw4IvJW,https://drive.google.com/drive/folders/1DosbL0gOJA5nZTl9j9NbBfgfl87cbtKM
FQ.035,Manta de Aquecimento ,Solab,SL-123/250,220v,Operacional,3 de fevereiro de 2026,Semestral,Em Conformidade,https://drive.google.com/drive/folders/1SAnkY7v68dWaFit0O0OwqlQQLNw4IvJW,https://drive.google.com/drive/folders/1DosbL0gOJA5nZTl9j9NbBfgfl87cbtKM
FQ.036,Manta de Aquecimento ,Solab,SL-123/250,220v,Operacional,3 de fevereiro de 2026,Semestral,Em Conformidade,https://drive.google.com/drive/folders/1SAnkY7v68dWaFit0O0OwqlQQLNw4IvJW,https://drive.google.com/drive/folders/1DosbL0gOJA5nZTl9j9NbBfgfl87cbtKM
GP.001,Prensa Hidraulica,-,,indef,Operacional,6 de setembro de 2024,Trimestral,Pendente de Manutenção,https://drive.google.com/drive/folders/1nKC1hPsQwZimUufPfWMGWRwO9KSDDDrp,https://drive.google.com/drive/folders/1aJW1dSn4R1DXGtcJFlm4HmfVmlrpeO_s
GP.002,Moinho de Facas,,,,Operacional,4 de fevereiro de 2026,Semestral,Em Conformidade,https://drive.google.com/drive/folders/1nKC1hPsQwZimUufPfWMGWRwO9KSDDDrp,https://drive.google.com/drive/folders/1aJW1dSn4R1DXGtcJFlm4HmfVmlrpeO_s
GP.003,Moinho de Facas ,Solab,SL-31,indef,Operacional,4 de fevereiro de 2026,Semestral,Em Conformidade,https://drive.google.com/drive/folders/1nKC1hPsQwZimUufPfWMGWRwO9KSDDDrp,https://drive.google.com/drive/folders/1aJW1dSn4R1DXGtcJFlm4HmfVmlrpeO_s
GP.004,Moinho de Solo ,Solab,SL-33,,Não Avaliado,,,Indefinido,https://drive.google.com/drive/folders/1nKC1hPsQwZimUufPfWMGWRwO9KSDDDrp,https://drive.google.com/drive/folders/1aJW1dSn4R1DXGtcJFlm4HmfVmlrpeO_s